Column Name,kPB,aCH2,aT/O,aC/P,aB/P pH 7.6,aB/P pH 2.7,Type,Particle Size,TPP/SPP,Pore Size [A]
Acclaim 120 C18 3.0 µm,7.82,1.52,1.41,0.45,0.39,0.08,10,3,1,120
Acclaim Mixed mode HILIC 5um,0.55,1.25,1.9,1.19,2.18,0.06,21,5,1,120
Acclaim Mixed mode WAX 5um,0.77,1.29,2.45,0.06,0.09,-0.1,3,5,1,120
Acclaim Mixed mode WCX 5um,0.66,1.16,3.33,0.48,1.84,0.05,4,5,1,120
Acclaim PA C16,4.16,1.4,2.71,0.34,0.27,0.04,25,5,1,120
Acclaim PA2 C18 3.0 µm,4.28,1.45,1.87,0.26,0.34,0.05,10,3,1,120
Acclaim RSLC 120 C18 2.2 µm,7.62,1.51,1.37,0.44,0.38,0.1,10,2.2,1,120
Acclaim RSLC PA2 C18 2.2 µm,4.92,1.44,1.92,0.22,0.52,0.07,10,2.2,1,120
Accucore C18,4.44,1.48,1.61,0.36,0.43,0.1,10,2.6,0,150
ACE 3 C18,5.22,1.48,1.59,0.39,0.32,0.11,10,3,1,100
ACE 3 C18-300,2.41,1.46,1.58,0.37,0.38,0.11,10,3,1,300
ACE 3 C18-AR,4.33,1.42,1.75,0.76,0.42,0.13,30,3,1,100
ACE 3 C18HL,7.95,1.5,1.6,0.38,0.32,0.08,10,3,1,90
ACE 3 C18-PFP,4.34,1.39,3.04,0.54,0.31,0.11,28,5,1,100
ACE 3 C4,1.09,1.29,0.71,0.44,0.37,0.14,15,3,1,100
ACE 3 C4-300,0.49,1.28,0.73,0.46,0.49,0.17,15,3,1,300
ACE 3 C8,2.41,1.36,1,0.34,0.31,0.11,16,3,1,100
ACE 3 C8-300,1.38,1.31,1,0.35,0.42,0.19,16,3,1,300
ACE 3 CN,0.18,1,1.88,0.68,0,0.16,19,3,1,100
ACE 3 CN-300,0.29,1,1,1.28,0,0.33,19,3,1,300
ACE 3 phenyl,1.14,1.27,1.03,1.25,0.59,0.16,30,5,1,100
ACE 3 Phenyl-300,0.55,1.25,1.03,1.28,0.61,0.23,30,3,1,300
ACE 5 AQ,2.53,1.36,1.26,0.48,0.36,0.11,25,5,1,100
ACE 5 C18,5.44,1.48,1.56,0.38,0.32,0.11,10,5,1,100
ACE 5 C18-300,2.41,1.47,1.61,0.35,0.34,0.11,10,5,1,300
ACE 5 C18-AR,4.5,1.42,1.74,0.75,0.35,0.12,30,5,1,100
ACE 5 C18-AR-300,1.95,1.41,1.8,0.71,0.44,0.08,30,5,1,300
ACE 5 C18-PFP,4.33,1.38,3.09,0.53,0.3,0.1,28,5,1,100
ACE 5 C18-PFP-300,1.85,1.36,3.02,0.52,0.35,0.11,28,5,1,300
ACE 5 C8,2.36,1.36,1,0.34,0.31,0.11,16,5,1,100
ACE 5 CN,0.26,1.08,1.73,0.51,0,0.15,19,5,1,100
ACE 5 Phenyl,1.2,1.26,1,1.14,0.46,0.14,30,5,1,100
ACE 5 SuperC18,7.93,1.49,1.46,0.44,0.18,0.11,10,5,1,90
ACE C18 2um,5.47,1.47,1.51,0.38,0.25,0.11,10,2,1,100
ACE C18-Amide 10 µm,4.17,1.39,2.07,0.26,0.21,0.07,25,10,1,100
ACE C18-Amide 3 µm,4.03,1.41,2.07,0.26,0.21,0.08,25,3,1,100
ACE C18-Amide 5 µm,4.3,1.41,2.11,0.25,0.2,0.07,25,5,1,100
ACE C18-AR 2um,4.35,1.41,1.71,0.75,0.29,0.12,30,2,1,100
ACE C18-PFP 2um,4.81,1.38,2.98,0.53,0.24,0.11,28,2,1,100
ACE CN-ES 2um,2.34,1.3,4.44,0.17,0,0.04,20,2,1,100
ACE CN-ES 3um,2.14,1.3,4.5,0.18,0,0.04,20,3,1,100
ACE CN-ES 5um,2.19,1.3,4.57,0.17,0.22,0.05,20,5,1,100
ACE Super C18 2um,8.1,1.48,1.44,0.42,0.22,0.1,10,3.5,1,90
ACE Super C18 3um,7.28,1.47,1.42,0.43,0.23,0.11,10,3,1,90
ACE Ultracore Super phenyl hexyl 2.5um,2.63,1.36,1.11,0.68,0.32,0.09,30,2.5,0,95
ACE Ultracore Super phenyl hexyl 5um,2.5,1.37,1.1,0.67,0.31,0.09,30,5,0,95
ACE UltraCore SuperC18 2.5um,6.33,1.49,1.46,0.39,0.32,0.09,10,2.5,1,95
ACE UltraCore SuperC18 5um,5.61,1.5,1.45,0.4,0.32,0.1,10,5,1,95
ACME Amide C18,3.44,1.41,1.77,0.29,0.19,0.07,25,3,1,120
ACME C18,5.32,1.48,1.3,0.48,0.28,0.13,10,3,1,120
ACME F5/C18,5.88,1.46,1.63,0.45,0.35,0.17,29,3,1,120
ACME IQ C18,6.4,1.5,1.41,0.43,0.27,0.12,10,3,1,120
ACME IQHL C18,10.09,1.5,1.48,0.41,0.26,0.1,10,3,1,100
ACME Plus,4.3,1.48,1.4,0.41,0.39,0.12,10,3,1,120
Acquity BEH C8,1.16,1.34,0.86,0.59,0.31,0.13,16,1.7,1,130
Acquity BEH Phenyl 1.7µm,1.64,1.3,1,0.85,0.41,0.18,30,1.7,1,130
Acquity BEH Shield RP18 1.7 µm,2.08,1.41,2.36,0.3,0.27,0.13,25,1.7,1,130
Acquity CSH C18 1.7um,3.53,1.44,1.35,0.4,0.38,0.09,10,1.7,1,130
Acquity CSH Fluorophenyl 1.7um,0.46,1,3.1,1.72,1.24,-0.06,28,1.7,1,130
Acquity CSH Phenyl hexyl 1.7um,1.47,1.31,1.13,0.7,0.42,0.07,30,1.7,1,130
Acquity HSS C18 1.8 µm,7.38,1.48,1.47,0.37,0.24,0.11,10,1.8,1,100
Acquity HSS C18 SB 1.8 µm,2.57,1.39,1.94,1.86,4.99,0.16,10,1.8,1,100
Acquity HSS T3 1.8 µm,6.02,1.5,1.19,0.5,0.34,0.12,10,1.8,1,100
Acquity UPLC BEH C18 130 1.7 µm,3.99,1.47,1.38,0.37,0.23,0.09,10,1.7,1,130
Acquity UPLC BEH C18 300 1.7 µm,1.97,1.48,1.41,0.38,0.22,0.11,10,1.7,1,300
Aeris PEPTIDE 3.6u XB-C18,4.2,1.48,1.16,0.49,0.56,0.1,10,3.6,0,100
Aeris Widepore 3.6 µm C4,0.39,1.06,0.85,0.39,0.42,0.16,15,3.6,0,200
Aeris Widepore 3.6 µm XB-C18,1.15,1.44,1.16,0.52,0.6,0.16,10,3.6,0,200
Agilent prep LC C18,8.79,1.49,1.55,0.39,0.51,0.17,10,5,1,100
AIDA C18,4.84,1.52,1.35,0.42,0.3,0.09,10,5,0,120
Alltima HP C18,2.47,1.43,2.79,0.26,0.35,0.04,10,5,1,190
Alltima HP C18 Amide,2.48,1.43,2.74,0.27,0.35,0.03,25,5,1,190
Alltima HP C18 AQ,4.23,1.42,1.97,1.1,3.1,0.1,6,5,1,190
Alltima HP C18 EPS,0.61,1.34,1.95,2.25,4.35,0.2,10,5,1,190
Alltima HP C18 HL,7.84,1.51,1.57,0.39,0.4,0.1,10,5,1,190
Allure biphenyl,3.73,1.33,1.55,2.21,0.81,0.05,8,5,1,60
Allure C18,10.46,1.58,1.58,0.39,0.65,0.09,10,5,1,60
Allure PFP propyl,3.04,1.28,2.69,0.68,1.13,0.34,28,5,1,60
Allure phenyl,1.75,1.27,0.96,0.94,0.52,0.15,30,5,1,60
Aquasil C18,4.14,1.41,1.84,1.18,2.29,0.16,10,5,1,100
Ascentis Amide RP 3um,4.9,1.43,1.65,0.22,0.2,0.04,25,3,1,100
Ascentis Amide RP 5um,4.8,1.43,1.61,0.23,0.2,0.04,25,5,1,100
Ascentis C18,7.35,1.5,1.59,0.37,0.31,0.08,10,5,1,100
Ascentis C8,3.61,1.41,0.93,0.31,0.25,0.07,16,5,1,100
Ascentis Express Biphenyl,1.69,1.29,1.53,2.3,0.96,0.16,8,2.7,0,90
Ascentis Express C18,5.39,1.5,1.42,0.42,0.7,0.1,10,2.7,0,90
Ascentis Express C8,2.34,1.41,0.94,0.29,0.27,0.08,16,2.7,0,90
Ascentis Express PFP,1.32,1.26,2.52,0.74,1.66,0.34,28,2.7,0,90
Ascentis Express Phenyl hexyl,2.17,1.34,1.2,0.88,0.46,0.11,30,2.7,0,90
Ascentis Express RP-Amide,3.87,1.43,1.79,0.22,0.25,0.06,25,2.7,0,90
Ascentis phenyl,2.32,1.31,1,0.96,0.44,0.14,30,0,1,100
Astec Polymer C18,4.92,1.35,4.09,0.15,0.04,0.01,10,5,1,300
Atlantis dC18,3.74,1.45,1.23,0.61,0.56,0.11,10,5,1,100
Atlantis T3,5.48,1.47,1.17,0.49,0.25,0.11,10,3,1,100
BetaBasic C18,4.49,1.47,1.56,0.39,0.8,0.12,10,5,1,150
BetaBasic CN,0.18,1.06,1.82,0.43,0.77,0.17,19,5,1,150
BetaBasic phenyl,0.39,1.21,0.92,1,0.64,0.19,30,5,1,150
BetaMax Acid,2.84,1.33,2.04,0.29,0.55,-0.03,16,5,1,60
BetaMax Basic (CN),0.37,1.04,2.04,0.42,1.7,0.19,19,5,1,60
BetaMax Neutral C18,10.62,1.49,1.5,0.4,1,0.1,10,5,1,60
Betasil phenyl-hexyl,1.78,1.32,0.75,0.42,0.39,0.12,30,5,1,100
BIOshell Peptide C18,2.26,1.45,1.21,0.75,1,0.13,10,2.7,0,160
Capcell Pak AQ C18,3.97,1.42,1.31,0.62,0.67,0.11,6,5,1,80
Capcell Pak MGII C18,6.52,1.48,1.31,0.44,0.31,0.11,10,5,1,100
Chromolith C18,2.36,1.47,1.43,0.43,0.63,0.09,10,0,1,130
Cortecs C18,4.51,1.48,1.38,0.39,0.38,0.1,10,1.6,0,90
Cortecs C18+,4.12,1.51,1.49,0.55,1,0.08,10,1.6,0,90
Cosmosil 3 C18-EB,4.8,1.46,1.29,0.59,0.38,0.11,10,3,1,120
Cosmosil 5 PYE 5um,1.95,1.37,3.02,24.1,0.58,0.2,7,5,1,120
Cosmosil cholester 5um,5.24,1.49,3.26,0.39,0.23,0.03,11,5,1,120
Cosmosil ?-NAP 5um,1.74,1.35,1.51,4.08,0.34,0.1,7,5,1,120
Curosil PFP,1.77,1.27,2.49,0.71,0.85,0.1,28,5,1,110
Denali C18,6.47,1.48,1.69,0.38,0.33,0.1,10,5,1,120
Develosil ODS-MG-5,6.7,1.49,1.24,0.51,0.1,0.07,10,5,1,100
Discovery C18,3.32,1.48,1.51,0.39,0.28,0.1,10,5,1,180
Discovery C18 HS,6.68,1.49,1.55,0.4,0.38,0.1,10,5,1,120
Discovery C8,1.1,1.34,1,0.43,0.41,0.09,16,5,1,180
Discovery CN,0.29,1,1,1,1.6,0.55,19,5,1,180
Discovery F5 HS,1.7,1.26,2.55,0.68,0.85,0.34,28,5,1,120
Discovery PEG HS,0.23,1.06,2.57,0.02,0.07,-0.04,33,5,1,120
Discovery RP-amide C16,1.65,1.35,1.81,0.49,0.44,0.19,25,5,1,180
EU Column,6.19,1.46,1.5,0.56,1,0.12,10,5,1,114
Fluofix (ec),0.57,1.24,0.58,0.81,2.06,0.38,23,5,1,120
Fluofix (nec),0.48,1.2,0.67,1.37,3.9,0.26,23,5,1,120
Fluophase PFP,1.6,1.23,2.5,0.63,0.7,0.3,28,5,1,100
Fluophase RP,0.98,1.21,0.62,0.73,2.12,0.6,23,5,1,100
FluoroSep RP Octyl,1.44,1.23,0.63,0.75,4.12,0.52,23,5,1,60
FluoroSep RP Phenyl HS,3.31,1.29,2.72,0.65,0.74,0.19,28,5,1,60
FluoroSep RP Propyl,0.16,1.15,1,1.15,1.47,0.39,23,5,1,300
Fortis C18 1.7 µm,6.72,1.49,1.26,0.48,0.26,0.07,10,1.7,1,110
Fortis C18 5 µm,7.04,1.48,1.27,0.5,0.33,0.08,10,5,1,110
Fortis cyano C18 2.1 µm,0.21,1,1,0.67,2.09,0.2,19,2.1,1,110
Fortis cyano C18 5 µm,0.17,1,1,0.69,1.86,0.19,19,5,1,110
Fortis Diphenyl,1.54,1.31,0.93,0.81,0.56,0.07,22,1.7,1,100
Fortis H2O,7.42,1.5,1.64,0.41,1.56,0.1,6,5,1,110
Gemini C18,4.87,1.46,1.21,0.44,0.29,0.08,10,5,1,110
Gemini NX C18,4.87,1.46,1.11,0.34,0.3,0.09,10,5,1,110
Gemini phenyl hexyl,2.79,1.36,1.04,0.6,0.3,0.05,30,5,1,110
Genesis AQ,6.07,1.49,1.26,0.53,0.42,0.11,6,5,1,120
Genesis C18,6.25,1.5,1.41,0.44,0.29,0.1,10,5,1,120
Genesis C8,2.09,1.33,1.01,0.55,0.6,0.12,16,5,1,120
Genesis CN,0.22,1.16,1.9,0.6,1,0.18,19,5,1,120
GraceSmart RP 18,2.37,1.44,1.32,0.8,1.65,0.1,10,5,1,120
Grom-Sil 100 ODS-2FE,4.68,1.46,1.72,0.59,0.72,0.17,10,5,1,100
Grom-Sil ODS-0 AB,3.46,1.45,1.4,0.72,0.67,0.19,10,5,1,100
Grom-Sil ODS-4 HE,6.28,1.5,1.27,0.54,0.31,0.1,10,5,1,120
Grom-Sil ODS-7 pH,13.68,1.54,1.53,0.39,0.32,0.06,10,4,1,80
HALO C18,6.01,1.51,1.38,0.42,0.3,0.1,10,2.7,0,90
HALO C18 Peptide (Ascentis Peptide),2.65,1.45,1.22,0.72,0.57,0.13,10,2.7,0,160
Halo C8,2.68,1.4,0.93,0.29,0.31,0.08,10,2.7,0,90
Halo PFP,1.45,1.24,2.43,1.09,1.95,0.36,28,2.7,0,90
Halo RP amide,3.42,1.42,1.75,0.25,0.65,0.06,25,2.7,0,90
Helix STS,0.37,1.43,2.52,1,4.13,0.15,10,5,1,0
Hichrom C8 3.5um,2.22,1.35,1.01,0.38,0.49,0.12,16,3.5,1,150
Hichrom RPB,4.56,1.4,1.21,0.36,0.18,0.11,17,5,1,110
HiQ Sil C18,6.02,1.46,1.45,0.67,0.88,0.12,10,5,1,120
Hypersil 100 HS C18,7.66,1.53,1.4,0.42,1.01,0.25,10,5,1,100
Hypersil BDS C18,4.5,1.47,1.49,0.39,0.19,0.17,10,5,1,130
Hypersil BDS phenyl,0.52,1.24,1,0.85,0.56,0.25,30,5,1,130
Hypersil Duet Cation,1.98,1.48,1.55,1.28,7.36,13.63,2,5,1,120
Hypersil Elite C18,4.76,1.49,1.52,0.37,0.3,0.14,10,5,1,120
Hypersil GOLD,2.42,1.42,1.3,0.34,0.35,0.12,9,5,1,175
Hypersil GOLD aQ,2.09,1.44,2.33,0.69,1.42,0.12,6,5,1,175
Hypersil GOLD PFP,0.7,1.25,2.55,1.02,0.94,0.17,28,5,1,175
Hypersil Gold PFP 1.9 µm,0.53,1.11,2.45,1.15,1.63,0.34,28,1.9,1,175
Hypersil Gold PFP 3.0 µm,0.78,1.21,2.37,0.58,0.58,0.17,28,3,1,175
Hypersil GOLD phenyl 3um,0.88,1.3,1.04,1.04,0.44,0.12,30,3,1,175
Hypersil ODS,4.44,1.45,1.28,0.38,1.04,0.64,10,5,1,120
Hypersil phenyl,0.47,1.25,0.92,2.04,2,0.85,30,5,1,120
HyPURITY Advance (C8),1.13,1,1.59,0.39,0.8,0.13,25,5,1,190
HyPURITY AQUASTAR,1.32,1.39,2.65,1.25,2.66,0.13,6,5,1,190
HyPURITY C18,3.2,1.47,1.6,0.37,0.29,0.1,10,5,1,190
HyPURITY C4,0.55,1.3,0.72,0.44,0.3,0.1,15,5,1,190
HyPURITY C8,1.59,1.35,1,0.34,0.3,0.11,16,5,1,190
HyPURITY CN,0.08,1.12,1.87,0.81,2.21,0.08,19,5,1,190
Inertsil CN3,0.57,1.04,1.97,0.26,3.27,0.03,19,5,1,100
Inertsil ODS,6.31,1.47,1.57,0.36,0.53,0.01,10,5,1,100
Inertsil ODS3,7.74,1.45,1.29,0.48,0.29,0.01,10,5,1,100
Inertsil phenyl,1.03,1.26,1,1.04,0.57,0.09,30,5,1,150
InertSustain C18,8.35,1.48,1.21,0.42,0.29,0.1,10,5,1,100
Interchrom RPX 2.2 µm,5.44,1.45,1.25,0.67,0.91,0.08,34,2.2,1,100
J'Sphere JH ODS,10.6,1.51,1.59,0.39,0.43,0.06,10,0,1,80
Jupiter 3 µm C18 300A,2.57,1.45,1.44,0.37,0.36,0.12,10,3,1,300
Kinetex Biphenyl,1.81,1.31,1.52,2.14,0.8,0.16,8,2.6,0,100
Kinetex C18 1.7 µm,3.6,1.47,1.28,0.46,0.12,0.09,10,1.7,0,100
Kinetex C18 2.6 µm sp,3.59,1.45,1.26,0.46,0.41,0.1,10,2.6,0,100
Kinetex C8,1.84,1.35,1.15,0.36,0.42,0.09,16,2.6,0,100
Kinetex EVO C18,3.07,1.44,1.12,0.42,0.37,0.09,10,2.6,0,100
Kinetex F5,1.36,1.32,2.29,0.77,0.71,0.13,28,2.6,0,100
Kinetex PFP 2.6 µm sp,1.38,1.26,2.56,0.61,1.26,0.39,28,2.6,0,100
Knaur Blue Orchid 175 1.8um C18,3.08,1.42,1.32,0.36,0.42,0.12,10,1.8,1,175
Knaur Blue Orchid 175 1.8um C18A,3.71,1.45,2.08,0.45,0.77,0.11,10,1.8,1,175
Kromasil C18,7.01,1.48,1.53,0.4,0.31,0.11,10,5,1,100
Kromasil Eternity C18 2.5 µm,5.21,1.42,1.15,0.45,0.22,0.09,10,2.5,1,100
Kromasil Eternity C18 5.0 µm,5.08,1.41,1.18,0.46,0.22,0.1,10,5,1,100
Kromasil Eternity phenyl hexyl 2.5 µm,3.44,1.35,1,0.62,0.4,0.11,30,2.5,1,100
Kromasil phenyl,2.02,1.3,1,0.96,0.48,0.13,30,5,1,100
Lichrospher RP Select B,2.76,1.32,1.21,0.66,1.4,0.14,16,5,1,60
Lichrospher RP18,7.92,1.48,1.73,0.54,1.39,0.19,10,5,1,100
Luna C18,5.97,1.47,1.17,0.4,0.24,0.08,10,5,1,100
Luna C18 (2),6.34,1.47,1.23,0.41,0.26,0.06,10,5,1,100
Luna CN,0.17,1.14,1.47,0.75,3.51,0.24,19,5,1,100
Luna NH2 (tests not appropriate),-0.17,1.01,4.05,0.47,0.43,3.41,5,5,1,100
Luna Omega C18,5.42,1.46,1.13,0.45,0.42,0.11,10,1.6,1,100
Luna Omega Polar C18,3.58,1.43,1.14,0.67,0.66,0.13,10,1.6,1,100
Luna Omega PS C18,3.84,1.43,1.11,0.53,0.51,0.08,10,1.6,1,100
Luna PFP,3.26,1.35,2.42,0.76,0.59,0.09,28,5,1,100
Luna Phenyl-Hexyl,2.82,1.33,1.1,0.91,0.33,0.11,30,5,1,100
Magellan C18,6.19,1.5,1.24,0.41,0.27,0.15,10,5,1,50
MetaSil Basic,2.03,1.32,1.25,0.32,0.29,0.09,24,5,1,100
MonoChrom CN,0.24,1,1.96,0.38,0.53,0.18,19,5,1,110
MonoChrom Diol,0,1,3.7,0.49,3.3,0,21,5,1,110
Monochrom MS,1.69,1.27,2.53,0.83,0.66,0.15,28,5,1,110
Novapak C18,4.49,1.49,1.44,0.48,0.27,0.14,10,5,1,60
Novapak phenyl,0.98,1.29,1,1.56,0.89,0.25,30,5,1,60
Nucleodur C18 ec,7.86,1.48,1.74,0.44,0.76,0.08,10,5,1,110
Nucleodur C18 Gravity 1.8 µm,9,1.52,1.39,0.37,0.26,0.07,10,1.8,1,110
Nucleodur C18 Gravity 3.0 µm,9.35,1.52,1.38,0.37,0.27,0.07,10,3,1,110
Nucleodur C8 Gravity,2.91,1.36,0.83,0.3,0.35,0.06,10,0,1,110
Nucleodur Isis 1.8 µm,8,1.5,1.8,0.35,0.54,0.06,10,1.8,1,110
Nucleodur Isis 3um,7.22,1.48,1.89,0.33,0.48,0.07,10,3,1,110
Nucleodur Pyramid 1.8 µm,8.27,1.5,1.24,0.47,0.4,0.06,12,1.8,1,110
Nucleodur Pyramid 3.0 µm,6.95,1.5,1.19,0.49,0.41,0.04,12,3,1,110
Nucleodur Sphinx 1.8 µm,5.26,1.45,1,0.69,0.4,0.09,13,1.8,1,110
Nucleodur Sphinx 3.0 µm,4.74,1.43,0.95,0.67,0.45,0.09,13,3,1,110
Nucleosil 100-5 C18 HD,6.04,1.48,1.54,0.4,0.47,0.1,10,5,1,100
Nucleosil 100-5 C18 Nautilus,3.37,1.4,1.98,0.33,0.48,0.01,25,5,1,100
Nucleosil 100-5 C8 HD,3.05,1.38,0.91,0.49,0.51,0.13,16,5,1,100
Nucleosil 300-5 C18,1.33,1.43,1.9,0.88,2.22,0.22,10,5,1,300
Nucleosil C18,4.8,1.44,1.68,0.7,2.18,0.13,10,5,1,100
Omnisphere C18,8.54,1.48,1.69,0.41,0.56,0.11,10,5,1,110
Optimal ODS-L,5.87,1.48,1.26,0.51,0.3,0.09,10,5,1,120
Optimal-ODS H,6.15,1.48,1.38,0.44,0.24,0.09,10,5,1,120
Phenonemex Aqua,6.21,1.48,1.27,0.6,0.52,0.11,6,5,1,125
pHidelity C18,3.11,1.43,1.48,0.53,2.19,0.2,10,5,1,200
Pinnacle DB PFPP,0.82,1.22,2.45,0.65,0.85,0.3,28,5,1,140
Platinum C18,2.12,1.39,1.23,0.81,2.82,0.21,10,5,1,100
Platinum C18 EPS,0.97,1.31,1.98,2.62,10.11,0.26,10,5,1,100
Polaris Amide C18,2.87,1.43,2.43,0.2,0.15,-0.02,25,5,1,200
Polaris C18 A,3.2,1.44,1.85,0.34,0.33,0.11,10,5,1,200
Polaris C18 Ether,2.98,1.45,1.63,0.46,0.38,0.1,26,5,1,200
Polaris C8 Ether,0.82,1.29,1.49,0.5,0.56,0.31,27,5,1,200
Poroshell 120 EC-C18 2.7 mm,5.29,1.49,1.29,0.41,0.35,0.1,10,2.7,0,120
Poroshell 120 SB-C18 2.7 µm,3.43,1.45,1.21,0.55,0.62,0.12,10,2.7,0,120
Poroshell Bonus RP,1.73,1.34,1.57,0.39,0.31,0.01,25,2.7,0,120
Poroshell HPH C18,3.83,1.49,1.26,0.45,0.38,0.1,10,2.7,0,120
Poroshell SB-Aq,0.55,1.3,1.11,0.36,1.14,0.18,6,2.7,0,120
PoroshellPFP,1.25,1.5,2.8,0.67,0.67,0.04,28,2.7,0,120
PoroshellPhenyl Hexyl,1.98,1.33,1.21,0.86,0.44,0.14,30,2.7,0,120
Primesep 100,1.78,1.28,1.92,0.88,9.6,7.83,4,5,1,100
Primesep 200,1.79,1.26,2.27,0.8,11.12,2.12,4,5,1,100
Primesep A,1.63,1.26,1.89,1.03,16.3,12.11,2,5,1,100
Primesep B,1.78,1.38,2,0.56,0.21,-0.03,1,5,1,100
Prism NRP (nec),1.68,1.35,2.24,0.42,1.23,0.01,25,5,1,100
Prism RP (ec),2.54,1.33,1.66,0.38,0.59,0.01,25,5,1,100
Prodigy ODS2,4.94,1.49,1.43,0.37,0.5,0.01,10,5,1,150
Prodigy ODS3,7.27,1.49,1.26,0.42,0.27,0.09,10,5,1,100
Prodigy phenyl,0.87,1.22,1,1,2.52,0.16,30,5,1,100
Prontosil C18-AQ,4.8,1.46,1.28,0.58,0.56,0.11,6,5,1,120
Purospher RP18,4.78,1.44,1.93,0.72,1.29,-0.07,10,5,1,90
Purospher RP18e,6.51,1.48,1.75,0.46,0.34,0.08,10,5,1,90
Purospher STAR RP C18 2 µm,8.31,1.47,1.74,0.43,0.36,0.1,10,2,1,120
Purospher STAR RP18 3 µm,8.41,1.52,1.88,0.4,0.28,0.09,10,3,1,120
Purospher STAR RP18e,6.57,1.48,1.56,0.34,0.34,0.1,10,5,1,120
Pursuit C18,3.73,1.47,1.57,0.38,0.37,0.11,10,5,1,200
Pursuit Diphenyl,0.52,1.21,0.89,0.77,0.44,0.23,22,5,1,200
Pursuit PFP,1.03,1.28,2.46,0.73,0.4,0.12,28,5,1,200
Pursuit XRs C18,8.23,1.5,1.45,0.42,0.32,0.1,10,5,1,100
Pursuit XRs DP,5.97,1.18,0.87,0.88,0.46,0.14,22,5,1,100
QS Strategy C18-2,6.05,1.49,1.54,0.42,0.43,0.08,10,5,1,100
QS Uptisphere 3 HDO,4.88,1.46,1.29,0.57,0.55,0.11,10,3,1,120
QS Uptisphere 3 ODB,6.19,1.48,1.36,0.49,0.52,0.1,10,3,1,120
QS Uptisphere 5 MM1,1.8,1.39,0.94,0.45,0.73,0.66,18,5,1,120
QS Uptisphere 5 PLP,1.18,1.33,1.81,0.44,0.39,-0.12,25,5,1,120
QS Uptisphere 5 TF,1.77,1.52,3.11,0.33,0.61,0.15,10,5,1,120
Resolve C18,2.4,1.46,1.59,1.29,4.06,1.23,10,5,1,90
Selectosil C18,4.94,1.45,1.69,0.68,1.98,0.14,10,5,1,100
Shimadzu Pathfinder AP,1.74,1.39,2.53,0.18,1,-0.01,25,5,1,100
Shimadzu Pathfinder AS,2.63,1.41,2.67,0.19,0.31,0,25,5,1,100
Shimadzu Pathfinder MR,2.08,1.39,2.75,0.14,0.24,-0.03,25,5,1,100
Shim-pack GISS C18,2.9,1.44,1.22,0.44,0.25,0.13,10,5,1,200
Shim-pack GIST C18,7.94,1.46,1.15,0.4,0.24,0.1,10,5,1,100
Shim-pack GIST C18-AQ,6.81,1.46,1.27,0.44,0.26,0.11,6,5,1,100
Shim-pack Scepter C18,6.32,1.44,1.26,0.46,0.25,0.11,10,5,1,120
Shim-pack Velox C18,4.13,1.5,1.55,0.34,0.3,0.1,10,5,0,90
SMT Total coverage C18,7.26,1.48,1.59,0.56,0.93,0.07,10,5,1,100
Spherisorb A5Y,0.73,1.41,1.71,0.84,1.44,13.39,10,5,1,80
Spherisorb ODS1,1.78,1.47,1.64,1.57,2.84,2.55,10,5,1,80
Spherisorb ODS2,3,1.51,1.56,0.59,0.76,0.23,10,5,1,80
Spherisorb ODSB,5.09,1.46,1.78,0.8,3.56,0.06,10,5,1,80
Spherisorb phenyl,0.05,1,1,5.91,15.1,1,30,5,1,80
Stability 100 BS23,2.59,1.3,2.77,0.14,0.04,-0.07,1,5,1,100
Summit ODS (W),5.45,1.47,1.29,0.56,0.4,0.1,10,5,1,120
Sunfire C18,6.57,1.49,1.25,0.41,0.31,0.05,10,5,1,100
Sunniest C18 5um,7.06,1.48,1.65,0.43,0.27,0.11,10,5,1,120
Sunshell C18 2.6um,6.03,1.49,1.56,0.4,0.34,0.09,10,2.6,0,90
Sunshell C8 2.6um,2.96,1.39,1.14,0.31,0.29,0.09,10,2.6,0,90
Sunshell PFP 2.6um,1.19,1.24,2.67,1.03,4.14,0.41,28,2.6,0,90
Supelcogel TR-100,11.99,1.44,2.81,0.34,0.2,0.06,10,5,1,100
Supelcosil LC18,4.82,1.47,1.42,0.46,1.93,0.89,10,5,1,120
Supelcosil LC18-DB,5.16,1.51,1.4,0.42,0.47,0.14,10,5,1,120
Supelcosil LC-ABZ,3.14,1.37,2.23,0.24,0.2,0.03,25,5,1,120
Superspher RP18e,5.47,1.47,1.64,0.44,0.42,0.11,10,5,1,100
Suplex pkb 100,1.24,1.35,2.84,0.34,0.29,0,25,5,1,120
Symmetry C18,6.51,1.46,1.49,0.41,0.68,0.01,10,5,1,100
Symmetry C8,3.47,1.38,0.95,0.39,0.4,0.02,16,5,1,100
Symmetry Shield RP18,4.66,1.41,2.22,0.27,0.2,0.04,25,5,1,100
Symmetry Shield RP8,2.3,1.32,1.87,0.27,0.19,0.04,25,5,1,100
Synergi Fusion-RP,2.69,1.37,1.04,0.53,0.4,0.07,25,4,1,80
Synergi Max RP,4.91,1.44,1.15,0.33,0.32,0.08,9,4,1,80
Synergi Polar RP,1.18,1.22,1.35,2.53,1,0.14,31,4,1,80
Syngeri Hydro-RP,7.63,1.47,1.47,0.58,0.83,0.25,10,4,1,80
Targa C18,6.06,1.63,1.27,0.52,0.1,0.14,10,5,1,120
Titan C18,6.91,1.5,1.13,0.49,0.5,0.12,10,1.9,1,80
TSKGel super ODS,2.22,1.47,1.65,0.33,0.33,0.1,10,2,1,140
TSKGelODS-80TM,5.07,1.46,1.34,0.58,0.65,0.09,10,5,1,80
TSKGelODS-80TS,4.57,1.45,1.24,0.52,0.3,0.08,10,5,1,80
uBondpak C18,1.97,1.39,1.28,0.78,1.12,0.15,10,5,1,125
Ultra Aqueous C18,6.04,1.45,1.9,0.97,2.21,0.09,6,5,1,100
Ultra IBD,1.95,1.38,2.32,0.55,1.37,0.03,25,5,1,100
Ultra PFP propyl,0.17,1,1,1.22,2.46,0.16,28,5,1,100
Ultracarb ODS(30),13.27,1.52,1.39,0.48,0.73,0.06,10,5,1,60
Ultrasphere ODS,6.41,1.52,1.42,0.48,0.31,0.16,10,5,1,80
Vydac C18 multiring,1.86,1.46,2.35,0.56,1.23,0.09,10,5,1,300
XBridge BEH C18 300 3.5 µm,2.22,1.45,1.37,0.38,0.24,0.13,10,3.5,1,300
XBridge BEH C18 300 5 µm,2.18,1.45,1.39,0.34,0.23,0.12,10,5,1,300
XBridge C18,3.81,1.45,1.38,0.34,0.27,0.14,10,3.5,1,130
XBridge Phenyl,1.45,1.31,1,0.86,0.41,0.19,30,3.5,1,130
XBridge Shield RP18 3.5 µm,2.85,1.38,2.22,0.33,0.26,0.12,25,3.5,1,130
XSelect CSH C18,4.07,1.45,1.36,0.39,0.35,0.09,10,2.5,1,135
XSelect Fluoro phenyl,0.43,1,3.05,1.75,1.36,-0.14,28,3.5,1,135
XSelect HSS C18,7,1.51,1.48,0.36,0.24,0.1,10,3.5,1,135
XSelect HSS C18 SB,2.37,1.38,1.93,1.77,5.07,0.11,10,3.5,1,135
XSelect HSS T3,5.5,1.49,1.18,0.5,0.33,0.11,10,3.5,1,135
XSelect Phenyl hexyl,1.45,1.33,1,0.7,0.34,0.06,30,3.5,1,135
XTerra MS C18,3.52,1.42,1.26,0.42,0.35,0.1,10,3.5,1,125
XTerra MS C8,1.15,1.3,0.87,0.42,0.33,0.1,16,3.5,1,125
XTerra Phenyl,1.26,1.28,0.88,0.62,0.35,0.11,30,3.5,1,125
XTerra RP18,2.38,1.29,1.83,0.33,0.2,0.07,25,3.5,1,125
XTerra RP8,1.1,1.26,1.73,0.3,0.17,0.07,25,3.5,1,125
YMC Basic (C8),1.4,1.26,0.98,0.57,0.51,0.27,16,3,1,0
YMC Hydrosphere C18,3.9,1.34,1.2,0.56,0.39,0.08,10,5,1,120
YMC Triart C18,6.3,1.44,1.23,0.45,0.3,0.1,10,5,1,120
YMC-Pack ODS-AQ,4.44,1.46,1.25,0.57,0.41,0.11,6,5,1,120
YMC-Pack Pro C18,4.71,1.49,1.29,0.49,0.39,0.09,10,5,1,120
YMC-Pack Pro C18 RS,9.8,1.53,1.47,0.39,0.33,0.08,10,5,1,80
YMC-Pack Pro C4,1.45,1.33,0.73,0.4,0.31,0.08,15,5,1,120
ZirChrom MS,2.02,1.43,1.62,0.27,20,6.28,10,5,1,300
ZirChrom PBD,1.28,1.41,2.08,0.32,18.77,9.2,32,5,1,300
Zorbax 300 diphenyl 1.8um,0.32,1.06,0.93,0.98,0.7,0.42,22,1.8,1,300
Zorbax 300 SB-C18 1.8um,1.58,1.44,1.2,0.69,0.73,0.21,10,1.8,1,300
Zorbax 300 SB-C3 1.8um,0.29,1.07,1.07,2.32,1,0.32,14,1.8,1,300
Zorbax Bonus-RP,1.74,1.43,1.6,0.31,0.3,0.04,25,3.5,1,80
Zorbax Eclipse plus C18 1.8 µm,5.91,1.51,1.15,0.44,0.37,0.09,10,1.8,1,95
Zorbax Eclipse plus C18 3.5 µm,5.76,1.51,1.16,0.44,0.29,0.1,10,3.5,1,95
Zorbax Eclipse XB-phenyl,1.35,1.3,1,1.22,0.63,0.13,30,3.5,1,80
Zorbax Eclipse XDB-C18,5.79,1.5,1.3,0.47,0.35,0.09,10,3.5,1,80
Zorbax Extend C18,6.66,1.5,1.49,0.38,0.2,0.08,10,3.5,1,80
Zorbax Rx C18,5.68,1.57,1.61,0.54,0.55,0.11,10,3.5,1,80
Zorbax SB C8,1.97,1.37,1.08,1.27,0.81,0.12,16,3.5,1,80
Zorbax SB C8,2.23,1.37,0.93,1.32,1.26,0.14,16,1.8,1,80
Zorbax SB-C18,5.37,1.49,1.24,0.64,0.94,0.1,10,1.8,1,80
Zorbax SB-C18,6,1.49,1.2,0.65,1.46,0.13,10,3.5,1,80
Zorbax SB-C18 300,1.23,1.44,1.22,0.76,1,0.12,10,3.5,1,300
Zorbax SB-C3,0.91,1.32,1.06,2.71,0.88,0.11,14,3.5,1,80
Zorbax SB-CN,0.36,1.18,2.12,1.14,1.62,0.1,19,0,1,80
Zorbax SB-Phenyl,1.09,1.3,1.18,3.69,1.08,0.13,30,3.5,1,80
Zorbax-SB Aq,0.93,1.31,1.18,2.54,1.27,0.13,6,3.5,1,80
